country,region,pedidos,ingresos,beneficio,dias_envio_promedio
Canada,North America,876,454911.2899999996,121002.80000000016,6.312785388127854
USA,North America,829,444541.87999999995,123170.7200000001,6.5512665862484925
Mexico,North America,897,431676.5799999992,122543.9000000001,6.545150501672241
Egypt,Middle East,481,344299.34999999986,103930.98999999993,12.332640332640333
Jordan,Middle East,509,297916.85,85073.62999999996,12.620825147347741
China,Asia,516,295780.41000000003,73762.20999999996,17.424418604651162
Japan,Asia,484,288011.0400000001,74848.58,17.359504132231404
Italy,Europe,512,279837.3600000001,77982.55000000003,9.61328125
India,Asia,523,271854.15999999986,79751.94999999997,17.091778202676863
France,Europe,461,263944.46999999974,78543.11000000009,9.563991323210413
UK,Europe,513,250862.6199999999,59212.52000000004,9.399610136452242
Kuwait,Middle East,502,245041.85000000003,71643.55999999994,12.430278884462151
Spain,Europe,469,242483.2700000001,61976.479999999996,9.264392324093816
South Korea,Asia,486,238989.94,56787.69999999998,18.06584362139918
Saudi Arabia,Middle East,456,238001.02000000005,66937.97999999997,12.651315789473685
Germany,Europe,491,237529.82999999978,58269.89999999995,9.521384928716904
Singapore,Asia,485,235371.62999999992,65263.03999999993,17.498969072164947
UAE,Middle East,510,223334.15000000008,56936.690000000024,12.533333333333333
