product_name,category,sub_category,pedidos,unidades_vendidas,ingresos,beneficio
Lenovo ThinkPad X1,,,,308,379258.55,
MacBook Air M2,,,,278,365336.21,
Dell XPS 15,,,,279,341123.75,
HP Spectre x360,,,,238,283432.55,
ASUS ZenBook,,,,223,272549.12,
iPhone 14,,,,315,194633.03,
OnePlus 11,,,,334,192757.39,
Samsung Galaxy S23,,,,272,167161.36,
Lenovo Tab P12,,,,284,158693.27,
Xiaomi 13,,,,239,157315.74,
Samsung Galaxy Tab S9,,,,266,147675.93,
Huawei MatePad 11,,,,264,133277.23,
Google Pixel 7,,,,238,131639.31,
Amazon Fire HD 10,,,,250,127617.15,
iPad Pro 12.9,,,,238,121718.04,
Bedside Table,,,,428,120385.76,
Office Chair,,,,357,97689.77,
TV Stand,,,,343,96871.01,
Study Desk,,,,325,94814.78,
Bookshelf 5-Tier,,,,343,89018.51,
Blender Pro,,,,527,74777.54,
Antivirus Pro,,,,626,71705.73,
Microsoft Office 365,,,,571,65453.38,
Adobe Creative Cloud,,,,600,64832.52,
VPN Premium 1Y,,,,504,63920.82,
Photo Editing Suite,,,,547,63402.77,
Coffee Maker,,,,390,57653.09,
AirPods Pro,,,,326,52450.31,
Rice Cooker,,,,369,51565.02,
Samsung Galaxy Buds,,,,298,49364.34,
Microwave Oven,,,,333,45890.01,
Air Fryer 5.5L,,,,326,42216.51,
Converse Chuck Taylor,,,,404,41437.1,
JBL Tune 760NC,,,,236,41180.16,
Nike Air Max,,,,373,39056.45,
Vans Old Skool,,,,327,35613.52,
Adidas Ultraboost,,,,339,35454.71,
Sony WH-1000XM5,,,,208,33440.37,
Bose QC45,,,,193,31404.65,
Cutting Board Set,,,,426,30263.26,
Blouse Top,,,,419,30213.43,
Puma Running Shoes,,,,287,29065.37,
Yoga Pants,,,,395,28929.88,
Vitamin C Serum,,,,662,26850.14,
Maxi Skirt,,,,368,26448.03,
Sunscreen SPF50,,,,636,26085.94,
Storage Container Set,,,,363,25550.04,
Mixing Bowl Set,,,,367,25357.59,
High-Waist Jeans,,,,370,24542.38,
Formal Shirt,,,,451,23795.82,
Moisturizing Cream,,,,590,23635.76,
Retinol Night Cream,,,,570,22627.82,
Summer Dress,,,,310,21840.18,
Non-stick Pan Set,,,,321,21119.92,
Hyaluronic Acid,,,,509,20231.49,
Multivitamin Pack,,,,519,20070.92,
Vitamin D3,,,,504,19874.7,
Knife Block Set,,,,317,19669.21,
Omega-3 Fish Oil,,,,509,19143.71,
Chino Pants,,,,362,18640.64,
Collagen Peptides,,,,462,18481.23,
Whey Protein 2kg,,,,488,18399.26,
Hoodie Sweatshirt,,,,320,18386.07,
Slim Fit Jeans,,,,343,18256.18,
Classic T-Shirt,,,,307,15792.03,
Atomic Habits,,,,580,12181.12,
Deep Work,,,,576,11996.11,
Rich Dad Poor Dad,,,,569,11462.37,
The Psychology of Money,,,,590,11335.81,
Thinking Fast and Slow,,,,504,10353.83,
