year,month,pedidos,ingresos,beneficio,margen_promedio_pct
2021,1,7,9276.43,3967.15,26.05
2021,2,15,8321.14,2310.85,24.91
2021,3,25,7377.79,1914.07,24.99
2021,4,44,27697.6,4227.08,19.79
2021,5,54,30890.9,7687.58,21.56
2021,6,65,30822.0,7524.44,22.12
2021,7,68,32789.34,9524.55,24.89
2021,8,106,77747.37,23982.27,22.11
2021,9,103,42899.92,14508.57,27.05
2021,10,115,76343.18,23840.24,26.69
2021,11,139,90212.85,27944.62,22.65
2021,12,155,71681.84,21099.63,26.34
2022,1,151,99447.76,26306.7,22.94
2022,2,159,80586.86,25010.16,23.74
2022,3,172,81247.66,21556.13,23.3
2022,4,202,90843.32,22018.56,22.06
2022,5,220,104394.77,21380.97,22.16
2022,6,216,84819.58,22044.72,21.88
2022,7,216,96608.36,25869.85,23.43
2022,8,259,135158.2,44521.67,25.71
2022,9,263,112844.16,34724.3,23.99
2022,10,267,144532.12,34391.04,24.27
2022,11,253,118006.26,32686.05,24.31
2022,12,309,173355.96,45594.42,23.5
2023,1,301,160492.14,45116.04,24.09
2023,2,294,137356.66,35107.99,20.36
2023,3,342,197306.4,49695.94,22.7
2023,4,334,212100.12,54505.47,22.77
2023,5,385,167834.38,52011.4,25.95
2023,6,365,185774.37,48969.35,22.53
2023,7,371,194852.38,61185.23,24.78
2023,8,402,208638.33,56801.47,23.27
2023,9,399,226111.87,55048.68,22.64
2023,10,427,243996.98,62925.36,23.93
2023,11,373,214531.59,59282.12,25.12
2023,12,382,159644.8,44627.07,22.79
2024,1,329,216708.74,58740.93,24.74
2024,2,251,130107.66,38105.19,25.4
2024,3,292,200513.46,54705.51,22.5
2024,4,222,115816.69,28829.47,22.79
2024,5,218,145646.96,37434.72,23.37
2024,6,217,97892.55,25222.85,24.72
2024,7,176,87216.46,28818.34,26.26
2024,8,139,58527.17,12260.95,23.23
2024,9,92,41660.19,8783.1,22.1
2024,10,60,36398.51,12467.32,24.95
2024,11,34,11455.41,2147.2,20.56
2024,12,12,5898.51,210.99,9.77
